Stress,T,pH,ROS,growth_rate
PCA_T_26_pH_5.0_ROS_0.1,26,5,0.1,0.171875
PCA_T_26_pH_5.0_ROS_0.5,26,5,0.5,0.16003418
PCA_T_26_pH_5.0_ROS_1.0,26,5,1,0.15435791
PCA_T_26_pH_5.0_ROS_10.0,26,5,10,0.051330566
PCA_T_26_pH_5.0_ROS_2.0,26,5,2,0.143005371
PCA_T_26_pH_5.0_ROS_5.0,26,5,5,0.108825684
PCA_T_26_pH_5.1_ROS_0.1,26,5.1,0.1,0.336303711
PCA_T_26_pH_5.1_ROS_0.5,26,5.1,0.5,0.308898926
PCA_T_26_pH_5.1_ROS_1.0,26,5.1,1,0.292053223
PCA_T_26_pH_5.1_ROS_10.0,26,5.1,10,0.09564209
PCA_T_26_pH_5.1_ROS_2.0,26,5.1,2,0.270446777
PCA_T_26_pH_5.1_ROS_5.0,26,5.1,5,0.205627441
PCA_T_26_pH_5.2_ROS_0.1,26,5.2,0.1,0.423828125
PCA_T_26_pH_5.2_ROS_0.5,26,5.2,0.5,0.387878418
PCA_T_26_pH_5.2_ROS_1.0,26,5.2,1,0.364746094
PCA_T_26_pH_5.2_ROS_10.0,26,5.2,10,0.118469238
PCA_T_26_pH_5.2_ROS_2.0,26,5.2,2,0.334350586
PCA_T_26_pH_5.2_ROS_5.0,26,5.2,5,0.255126953
PCA_T_26_pH_5.3_ROS_0.1,26,5.3,0.1,0.452880859
PCA_T_26_pH_5.3_ROS_0.5,26,5.3,0.5,0.415039063
PCA_T_26_pH_5.3_ROS_1.0,26,5.3,1,0.389099121
PCA_T_26_pH_5.3_ROS_10.0,26,5.3,10,0.126098633
PCA_T_26_pH_5.3_ROS_2.0,26,5.3,2,0.354370117
PCA_T_26_pH_5.3_ROS_5.0,26,5.3,5,0.27154541
PCA_T_26_pH_5.4_ROS_0.1,26,5.4,0.1,0.4609375
PCA_T_26_pH_5.4_ROS_0.5,26,5.4,0.5,0.422668457
PCA_T_26_pH_5.4_ROS_1.0,26,5.4,1,0.395996094
PCA_T_26_pH_5.4_ROS_10.0,26,5.4,10,0.128356934
PCA_T_26_pH_5.4_ROS_2.0,26,5.4,2,0.359863281
PCA_T_26_pH_5.4_ROS_5.0,26,5.4,5,0.276245117
PCA_T_26_pH_5.5_ROS_0.1,26,5.5,0.1,0.46270752
PCA_T_26_pH_5.5_ROS_0.5,26,5.5,0.5,0.424438477
PCA_T_26_pH_5.5_ROS_1.0,26,5.5,1,0.397705078
PCA_T_26_pH_5.5_ROS_10.0,26,5.5,10,0.128967285
PCA_T_26_pH_5.5_ROS_2.0,26,5.5,2,0.36138916
PCA_T_26_pH_5.5_ROS_5.0,26,5.5,5,0.277526855
PCA_T_26_pH_5.6_ROS_0.1,26,5.6,0.1,0.463500977
PCA_T_26_pH_5.6_ROS_0.5,26,5.6,0.5,0.425170898
PCA_T_26_pH_5.6_ROS_1.0,26,5.6,1,0.398498535
PCA_T_26_pH_5.6_ROS_10.0,26,5.6,10,0.129333496
PCA_T_26_pH_5.6_ROS_2.0,26,5.6,2,0.362182617
PCA_T_26_pH_5.6_ROS_5.0,26,5.6,5,0.278137207
PCA_T_26_pH_5.7_ROS_0.1,26,5.7,0.1,0.463500977
PCA_T_26_pH_5.7_ROS_0.5,26,5.7,0.5,0.425292969
PCA_T_26_pH_5.7_ROS_1.0,26,5.7,1,0.398681641
PCA_T_26_pH_5.7_ROS_10.0,26,5.7,10,0.129516602
PCA_T_26_pH_5.7_ROS_2.0,26,5.7,2,0.362426758
PCA_T_26_pH_5.7_ROS_5.0,26,5.7,5,0.278381348
PCA_T_26_pH_5.8_ROS_0.1,26,5.8,0.1,0.463439941
PCA_T_26_pH_5.8_ROS_0.5,26,5.8,0.5,0.425292969
PCA_T_26_pH_5.8_ROS_1.0,26,5.8,1,0.398742676
PCA_T_26_pH_5.8_ROS_10.0,26,5.8,10,0.129638672
PCA_T_26_pH_5.8_ROS_2.0,26,5.8,2,0.362609863
PCA_T_26_pH_5.8_ROS_5.0,26,5.8,5,0.278503418
PCA_T_26_pH_5.9_ROS_0.1,26,5.9,0.1,0.463256836
PCA_T_26_pH_5.9_ROS_0.5,26,5.9,0.5,0.425170898
PCA_T_26_pH_5.9_ROS_1.0,26,5.9,1,0.398681641
PCA_T_26_pH_5.9_ROS_10.0,26,5.9,10,0.129699707
PCA_T_26_pH_5.9_ROS_2.0,26,5.9,2,0.362792969
PCA_T_26_pH_5.9_ROS_5.0,26,5.9,5,0.278564453
PCA_T_26_pH_6.0_ROS_0.1,26,6,0.1,0.46295166
PCA_T_26_pH_6.0_ROS_0.5,26,6,0.5,0.424926758
PCA_T_26_pH_6.0_ROS_1.0,26,6,1,0.398620605
PCA_T_26_pH_6.0_ROS_10.0,26,6,10,0.129760742
PCA_T_26_pH_6.0_ROS_2.0,26,6,2,0.362792969
PCA_T_26_pH_6.0_ROS_5.0,26,6,5,0.278564453
PCA_T_26_pH_6.1_ROS_10.0,26,6.1,10,0.129699707
PCA_T_26_pH_6.2_ROS_0.1,26,6.2,0.1,0.461669922
PCA_T_26_pH_6.2_ROS_0.5,26,6.2,0.5,0.42388916
PCA_T_26_pH_6.2_ROS_1.0,26,6.2,1,0.397888184
PCA_T_26_pH_6.2_ROS_10.0,26,6.2,10,0.129577637
PCA_T_26_pH_6.2_ROS_2.0,26,6.2,2,0.362609863
PCA_T_26_pH_6.2_ROS_5.0,26,6.2,5,0.278259277
PCA_T_26_pH_6.3_ROS_10.0,26,6.3,10,0.129333496
PCA_T_26_pH_6.4_ROS_0.1,26,6.4,0.1,0.458679199
PCA_T_26_pH_6.4_ROS_0.5,26,6.4,0.5,0.421142578
PCA_T_26_pH_6.4_ROS_1.0,26,6.4,1,0.395874023
PCA_T_26_pH_6.4_ROS_10.0,26,6.4,10,0.128845215
PCA_T_26_pH_6.4_ROS_2.0,26,6.4,2,0.36151123
PCA_T_26_pH_6.4_ROS_5.0,26,6.4,5,0.27722168
PCA_T_26_pH_6.5_ROS_10.0,26,6.5,10,0.128112793
PCA_T_26_pH_6.6_ROS_0.1,26,6.6,0.1,0.451660156
PCA_T_26_pH_6.6_ROS_0.5,26,6.6,0.5,0.414489746
PCA_T_26_pH_6.6_ROS_1.0,26,6.6,1,0.39074707
PCA_T_26_pH_6.6_ROS_10.0,26,6.6,10,0.12689209
PCA_T_26_pH_6.6_ROS_2.0,26,6.6,2,0.358581543
PCA_T_26_pH_6.7_ROS_10.0,26,6.7,10,0.12487793
PCA_T_26_pH_6.8_ROS_0.1,26,6.8,0.1,0.435241699
PCA_T_26_pH_6.8_ROS_0.5,26,6.8,0.5,0.399841309
PCA_T_26_pH_6.8_ROS_1.0,26,6.8,1,0.379272461
PCA_T_26_pH_6.8_ROS_10.0,26,6.8,10,0.121887207
PCA_T_26_pH_6.8_ROS_2.0,26,6.8,2,0.350585938
PCA_T_26_pH_6.9_ROS_10.0,26,6.9,10,0.118713379
PCA_T_26_pH_7.0_ROS_0.1,26,7,0.1,0.425170898
PCA_T_26_pH_7.0_ROS_0.5,26,7,0.5,0.392028809
PCA_T_26_pH_7.0_ROS_1.0,26,7,1,0.372924805
PCA_T_26_pH_7.0_ROS_10.0,26,7,10,0.118835449
PCA_T_26_pH_7.0_ROS_2.0,26,7,2,0.345581055
PCA_T_28_pH_5.0_ROS_0.1,28,5,0.1,0.175109863
PCA_T_28_pH_5.0_ROS_0.5,28,5,0.5,0.165466309
PCA_T_28_pH_5.0_ROS_1.0,28,5,1,0.160705566
PCA_T_28_pH_5.0_ROS_10.0,28,5,10,0.077331543
PCA_T_28_pH_5.0_ROS_2.0,28,5,2,0.151489258
PCA_T_28_pH_5.0_ROS_5.0,28,5,5,0.123779297
PCA_T_28_pH_5.1_ROS_0.1,28,5.1,0.1,0.376098633
PCA_T_28_pH_5.1_ROS_0.5,28,5.1,0.5,0.350463867
PCA_T_28_pH_5.1_ROS_1.0,28,5.1,1,0.334777832
PCA_T_28_pH_5.1_ROS_10.0,28,5.1,10,0.159362793
PCA_T_28_pH_5.1_ROS_2.0,28,5.1,2,0.31463623
PCA_T_28_pH_5.1_ROS_20.0,28,5.1,20,0.003723145
PCA_T_28_pH_5.1_ROS_5.0,28,5.1,5,0.256835938
PCA_T_28_pH_5.2_ROS_0.1,28,5.2,0.1,0.502197266
PCA_T_28_pH_5.2_ROS_0.5,28,5.2,0.5,0.468811035
PCA_T_28_pH_5.2_ROS_1.0,28,5.2,1,0.44354248
PCA_T_28_pH_5.2_ROS_10.0,28,5.2,10,0.208740234
PCA_T_28_pH_5.2_ROS_2.0,28,5.2,2,0.411682129
PCA_T_28_pH_5.2_ROS_5.0,28,5.2,5,0.336730957
PCA_T_28_pH_5.3_ROS_0.1,28,5.3,0.1,0.547973633
PCA_T_28_pH_5.3_ROS_0.5,28,5.3,0.5,0.512084961
PCA_T_28_pH_5.3_ROS_1.0,28,5.3,1,0.482788086
PCA_T_28_pH_5.3_ROS_10.0,28,5.3,10,0.226623535
PCA_T_28_pH_5.3_ROS_2.0,28,5.3,2,0.445007324
PCA_T_28_pH_5.3_ROS_5.0,28,5.3,5,0.365539551
PCA_T_28_pH_5.4_ROS_0.1,28,5.4,0.1,0.561218262
PCA_T_28_pH_5.4_ROS_0.5,28,5.4,0.5,0.524719238
PCA_T_28_pH_5.4_ROS_1.0,28,5.4,1,0.49432373
PCA_T_28_pH_5.4_ROS_10.0,28,5.4,10,0.231933594
PCA_T_28_pH_5.4_ROS_2.0,28,5.4,2,0.454956055
PCA_T_28_pH_5.4_ROS_5.0,28,5.4,5,0.374145508
PCA_T_28_pH_5.5_ROS_0.1,28,5.5,0.1,0.564331055
PCA_T_28_pH_5.5_ROS_0.5,28,5.5,0.5,0.527770996
PCA_T_28_pH_5.5_ROS_1.0,28,5.5,1,0.497253418
PCA_T_28_pH_5.5_ROS_10.0,28,5.5,10,0.233398438
PCA_T_28_pH_5.5_ROS_2.0,28,5.5,2,0.457580566
PCA_T_28_pH_5.5_ROS_5.0,28,5.5,5,0.376403809
PCA_T_28_pH_5.6_ROS_0.1,28,5.6,0.1,0.565734863
PCA_T_28_pH_5.6_ROS_0.5,28,5.6,0.5,0.52911377
PCA_T_28_pH_5.6_ROS_1.0,28,5.6,1,0.498535156
PCA_T_28_pH_5.6_ROS_10.0,28,5.6,10,0.234130859
PCA_T_28_pH_5.6_ROS_2.0,28,5.6,2,0.45880127
PCA_T_28_pH_5.6_ROS_5.0,28,5.6,5,0.377441406
PCA_T_28_pH_5.7_ROS_0.1,28,5.7,0.1,0.565856934
PCA_T_28_pH_5.7_ROS_0.5,28,5.7,0.5,0.529296875
PCA_T_28_pH_5.7_ROS_1.0,28,5.7,1,0.498840332
PCA_T_28_pH_5.7_ROS_10.0,28,5.7,10,0.234375
PCA_T_28_pH_5.7_ROS_2.0,28,5.7,2,0.45916748
PCA_T_28_pH_5.7_ROS_5.0,28,5.7,5,0.377807617
PCA_T_28_pH_5.8_ROS_0.1,28,5.8,0.1,0.565734863
PCA_T_28_pH_5.8_ROS_0.5,28,5.8,0.5,0.52923584
PCA_T_28_pH_5.8_ROS_1.0,28,5.8,1,0.498901367
PCA_T_28_pH_5.8_ROS_10.0,28,5.8,10,0.23449707
PCA_T_28_pH_5.8_ROS_2.0,28,5.8,2,0.459350586
PCA_T_28_pH_5.8_ROS_5.0,28,5.8,5,0.377929688
PCA_T_28_pH_5.9_ROS_0.1,28,5.9,0.1,0.565551758
PCA_T_28_pH_5.9_ROS_0.5,28,5.9,0.5,0.52911377
PCA_T_28_pH_5.9_ROS_1.0,28,5.9,1,0.498840332
PCA_T_28_pH_5.9_ROS_10.0,28,5.9,10,0.234558105
PCA_T_28_pH_5.9_ROS_2.0,28,5.9,2,0.459411621
PCA_T_28_pH_5.9_ROS_5.0,28,5.9,5,0.377990723
PCA_T_28_pH_6.0_ROS_0.1,28,6,0.1,0.565185547
PCA_T_28_pH_6.0_ROS_0.5,28,6,0.5,0.528808594
PCA_T_28_pH_6.0_ROS_1.0,28,6,1,0.498718262
PCA_T_28_pH_6.0_ROS_10.0,28,6,10,0.234619141
PCA_T_28_pH_6.0_ROS_2.0,28,6,2,0.459350586
PCA_T_28_pH_6.0_ROS_5.0,28,6,5,0.377929688
PCA_T_28_pH_6.1_ROS_10.0,28,6.1,10,0.23449707
PCA_T_28_pH_6.2_ROS_0.1,28,6.2,0.1,0.563659668
PCA_T_28_pH_6.2_ROS_0.5,28,6.2,0.5,0.52746582
PCA_T_28_pH_6.2_ROS_1.0,28,6.2,1,0.497741699
PCA_T_28_pH_6.2_ROS_10.0,28,6.2,10,0.234313965
PCA_T_28_pH_6.2_ROS_2.0,28,6.2,2,0.458862305
PCA_T_28_pH_6.2_ROS_5.0,28,6.2,5,0.377502441
PCA_T_28_pH_6.3_ROS_10.0,28,6.3,10,0.233947754
PCA_T_28_pH_6.4_ROS_0.1,28,6.4,0.1,0.560119629
PCA_T_28_pH_6.4_ROS_0.5,28,6.4,0.5,0.524230957
PCA_T_28_pH_6.4_ROS_1.0,28,6.4,1,0.495300293
PCA_T_28_pH_6.4_ROS_10.0,28,6.4,10,0.233337402
PCA_T_28_pH_6.4_ROS_2.0,28,6.4,2,0.457214355
PCA_T_28_pH_6.4_ROS_5.0,28,6.4,5,0.376159668
PCA_T_28_pH_6.5_ROS_10.0,28,6.5,10,0.23236084
PCA_T_28_pH_6.6_ROS_0.1,28,6.6,0.1,0.551879883
PCA_T_28_pH_6.6_ROS_0.5,28,6.6,0.5,0.516357422
PCA_T_28_pH_6.6_ROS_1.0,28,6.6,1,0.489196777
PCA_T_28_pH_6.6_ROS_10.0,28,6.6,10,0.230651855
PCA_T_28_pH_6.6_ROS_2.0,28,6.6,2,0.453063965
PCA_T_28_pH_6.6_ROS_5.0,28,6.6,5,0.372497559
PCA_T_28_pH_6.7_ROS_10.0,28,6.7,10,0.227966309
PCA_T_28_pH_6.8_ROS_0.1,28,6.8,0.1,0.532653809
PCA_T_28_pH_6.8_ROS_0.5,28,6.8,0.5,0.497924805
PCA_T_28_pH_6.8_ROS_1.0,28,6.8,1,0.47454834
PCA_T_28_pH_6.8_ROS_10.0,28,6.8,10,0.223876953
PCA_T_28_pH_6.8_ROS_2.0,28,6.8,2,0.44342041
PCA_T_28_pH_6.8_ROS_5.0,28,6.8,5,0.363464355
PCA_T_28_pH_6.9_ROS_10.0,28,6.9,10,0.219665527
PCA_T_28_pH_7.0_ROS_0.1,28,7,0.1,0.520874023
PCA_T_28_pH_7.0_ROS_0.5,28,7,0.5,0.486694336
PCA_T_28_pH_7.0_ROS_1.0,28,7,1,0.466064453
PCA_T_28_pH_7.0_ROS_10.0,28,7,10,0.219726563
PCA_T_28_pH_7.0_ROS_2.0,28,7,2,0.43762207
PCA_T_28_pH_7.0_ROS_5.0,28,7,5,0.357910156
PCA_T_30_pH_5.0_ROS_0.1,30,5,0.1,0.168212891
PCA_T_30_pH_5.0_ROS_0.5,30,5,0.5,0.160827637
PCA_T_30_pH_5.0_ROS_1.0,30,5,1,0.157226563
PCA_T_30_pH_5.0_ROS_10.0,30,5,10,0.093200684
PCA_T_30_pH_5.0_ROS_2.0,30,5,2,0.150146484
PCA_T_30_pH_5.0_ROS_5.0,30,5,5,0.128845215
PCA_T_30_pH_5.1_ROS_0.1,30,5.1,0.1,0.401733398
PCA_T_30_pH_5.1_ROS_0.5,30,5.1,0.5,0.379150391
PCA_T_30_pH_5.1_ROS_1.0,30,5.1,1,0.365539551
PCA_T_30_pH_5.1_ROS_10.0,30,5.1,10,0.214233398
PCA_T_30_pH_5.1_ROS_2.0,30,5.1,2,0.347351074
PCA_T_30_pH_5.1_ROS_20.0,30,5.1,20,0.048034668
PCA_T_30_pH_5.1_ROS_5.0,30,5.1,5,0.297607422
PCA_T_30_pH_5.2_ROS_0.1,30,5.2,0.1,0.579956055
PCA_T_30_pH_5.2_ROS_0.5,30,5.2,0.5,0.549255371
PCA_T_30_pH_5.2_ROS_1.0,30,5.2,1,0.523071289
PCA_T_30_pH_5.2_ROS_10.0,30,5.2,10,0.302612305
PCA_T_30_pH_5.2_ROS_2.0,30,5.2,2,0.491210938
PCA_T_30_pH_5.2_ROS_5.0,30,5.2,5,0.421081543
PCA_T_30_pH_5.3_ROS_0.1,30,5.3,0.1,0.65234375
PCA_T_30_pH_5.3_ROS_0.5,30,5.3,0.5,0.618591309
PCA_T_30_pH_5.3_ROS_1.0,30,5.3,1,0.586547852
PCA_T_30_pH_5.3_ROS_10.0,30,5.3,10,0.338500977
PCA_T_30_pH_5.3_ROS_2.0,30,5.3,2,0.548095703
PCA_T_30_pH_5.3_ROS_20.0,30,5.3,20,0.072692871
PCA_T_30_pH_5.3_ROS_5.0,30,5.3,5,0.471008301
PCA_T_30_pH_5.4_ROS_0.1,30,5.4,0.1,0.674499512
PCA_T_30_pH_5.4_ROS_0.5,30,5.4,0.5,0.639892578
PCA_T_30_pH_5.4_ROS_1.0,30,5.4,1,0.606140137
PCA_T_30_pH_5.4_ROS_10.0,30,5.4,10,0.34979248
PCA_T_30_pH_5.4_ROS_2.0,30,5.4,2,0.566101074
PCA_T_30_pH_5.4_ROS_5.0,30,5.4,5,0.486206055
PCA_T_30_pH_5.5_ROS_0.1,30,5.5,0.1,0.679992676
PCA_T_30_pH_5.5_ROS_0.5,30,5.5,0.5,0.645263672
PCA_T_30_pH_5.5_ROS_1.0,30,5.5,1,0.61114502
PCA_T_30_pH_5.5_ROS_10.0,30,5.5,10,0.352844238
PCA_T_30_pH_5.5_ROS_2.0,30,5.5,2,0.570800781
PCA_T_30_pH_5.5_ROS_20.0,30,5.5,20,0.075622559
PCA_T_30_pH_5.5_ROS_5.0,30,5.5,5,0.490112305
PCA_T_30_pH_5.6_ROS_0.1,30,5.6,0.1,0.682495117
PCA_T_30_pH_5.6_ROS_0.5,30,5.6,0.5,0.647705078
PCA_T_30_pH_5.6_ROS_1.0,30,5.6,1,0.613525391
PCA_T_30_pH_5.6_ROS_10.0,30,5.6,10,0.354309082
PCA_T_30_pH_5.6_ROS_2.0,30,5.6,2,0.573059082
PCA_T_30_pH_5.6_ROS_5.0,30,5.6,5,0.49206543
PCA_T_30_pH_5.7_ROS_0.1,30,5.7,0.1,0.682861328
PCA_T_30_pH_5.7_ROS_0.5,30,5.7,0.5,0.648071289
PCA_T_30_pH_5.7_ROS_1.0,30,5.7,1,0.614013672
PCA_T_30_pH_5.7_ROS_10.0,30,5.7,10,0.354675293
PCA_T_30_pH_5.7_ROS_2.0,30,5.7,2,0.573608398
PCA_T_30_pH_5.7_ROS_20.0,30,5.7,20,0.076171875
PCA_T_30_pH_5.7_ROS_5.0,30,5.7,5,0.492553711
PCA_T_30_pH_5.8_ROS_0.1,30,5.8,0.1,0.682800293
PCA_T_30_pH_5.8_ROS_0.5,30,5.8,0.5,0.648132324
PCA_T_30_pH_5.8_ROS_1.0,30,5.8,1,0.614074707
PCA_T_30_pH_5.8_ROS_10.0,30,5.8,10,0.354858398
PCA_T_30_pH_5.8_ROS_2.0,30,5.8,2,0.573730469
PCA_T_30_pH_5.8_ROS_5.0,30,5.8,5,0.492797852
PCA_T_30_pH_5.9_ROS_0.1,30,5.9,0.1,0.682556152
PCA_T_30_pH_5.9_ROS_0.5,30,5.9,0.5,0.647949219
PCA_T_30_pH_5.9_ROS_1.0,30,5.9,1,0.614013672
PCA_T_30_pH_5.9_ROS_10.0,30,5.9,10,0.354919434
PCA_T_30_pH_5.9_ROS_2.0,30,5.9,2,0.573730469
PCA_T_30_pH_5.9_ROS_20.0,30,5.9,20,0.076416016
PCA_T_30_pH_5.9_ROS_5.0,30,5.9,5,0.492858887
PCA_T_30_pH_6.0_ROS_0.1,30,6,0.1,0.682128906
PCA_T_30_pH_6.0_ROS_0.5,30,6,0.5,0.647583008
PCA_T_30_pH_6.0_ROS_1.0,30,6,1,0.613830566
PCA_T_30_pH_6.0_ROS_10.0,30,6,10,0.354919434
PCA_T_30_pH_6.0_ROS_2.0,30,6,2,0.573608398
PCA_T_30_pH_6.0_ROS_5.0,30,6,5,0.492797852
PCA_T_30_pH_6.1_ROS_10.0,30,6.1,10,0.354797363
PCA_T_30_pH_6.2_ROS_0.1,30,6.2,0.1,0.680358887
PCA_T_30_pH_6.2_ROS_0.5,30,6.2,0.5,0.645935059
PCA_T_30_pH_6.2_ROS_1.0,30,6.2,1,0.612670898
PCA_T_30_pH_6.2_ROS_10.0,30,6.2,10,0.354492188
PCA_T_30_pH_6.2_ROS_2.0,30,6.2,2,0.572692871
PCA_T_30_pH_6.2_ROS_5.0,30,6.2,5,0.49230957
PCA_T_30_pH_6.3_ROS_10.0,30,6.3,10,0.354003906
PCA_T_30_pH_6.4_ROS_0.1,30,6.4,0.1,0.676208496
PCA_T_30_pH_6.4_ROS_0.5,30,6.4,0.5,0.642089844
PCA_T_30_pH_6.4_ROS_1.0,30,6.4,1,0.609680176
PCA_T_30_pH_6.4_ROS_10.0,30,6.4,10,0.353149414
PCA_T_30_pH_6.4_ROS_2.0,30,6.4,2,0.570251465
PCA_T_30_pH_6.4_ROS_5.0,30,6.4,5,0.490722656
PCA_T_30_pH_6.5_ROS_10.0,30,6.5,10,0.351806641
PCA_T_30_pH_6.6_ROS_0.1,30,6.6,0.1,0.666687012
PCA_T_30_pH_6.6_ROS_0.5,30,6.6,0.5,0.63293457
PCA_T_30_pH_6.6_ROS_1.0,30,6.6,1,0.602478027
PCA_T_30_pH_6.6_ROS_10.0,30,6.6,10,0.34954834
PCA_T_30_pH_6.6_ROS_2.0,30,6.6,2,0.56427002
PCA_T_30_pH_6.6_ROS_5.0,30,6.6,5,0.48638916
PCA_T_30_pH_6.7_ROS_10.0,30,6.7,10,0.346008301
PCA_T_30_pH_6.8_ROS_0.1,30,6.8,0.1,0.64453125
PCA_T_30_pH_6.8_ROS_0.5,30,6.8,0.5,0.61151123
PCA_T_30_pH_6.8_ROS_1.0,30,6.8,1,0.585327148
PCA_T_30_pH_6.8_ROS_10.0,30,6.8,10,0.340698242
PCA_T_30_pH_6.8_ROS_2.0,30,6.8,2,0.551025391
PCA_T_30_pH_6.8_ROS_5.0,30,6.8,5,0.475402832
PCA_T_30_pH_6.9_ROS_10.0,30,6.9,10,0.335144043
PCA_T_30_pH_7.0_ROS_0.1,30,7,0.1,0.63092041
PCA_T_30_pH_7.0_ROS_0.5,30,7,0.5,0.598388672
PCA_T_30_pH_7.0_ROS_1.0,30,7,1,0.574829102
PCA_T_30_pH_7.0_ROS_10.0,30,7,10,0.335266113
PCA_T_30_pH_7.0_ROS_2.0,30,7,2,0.543579102
PCA_T_30_pH_7.0_ROS_5.0,30,7,5,0.468566895
PCA_T_32_pH_5.0_ROS_0.1,32,5,0.1,0.151855469
PCA_T_32_pH_5.0_ROS_0.5,32,5,0.5,0.146789551
PCA_T_32_pH_5.0_ROS_1.0,32,5,1,0.144165039
PCA_T_32_pH_5.0_ROS_10.0,32,5,10,0.09765625
PCA_T_32_pH_5.0_ROS_2.0,32,5,2,0.138977051
PCA_T_32_pH_5.0_ROS_5.0,32,5,5,0.123535156
PCA_T_32_pH_5.1_ROS_0.1,32,5.1,0.1,0.405273438
PCA_T_32_pH_5.1_ROS_0.5,32,5.1,0.5,0.386657715
PCA_T_32_pH_5.1_ROS_1.0,32,5.1,1,0.375549316
PCA_T_32_pH_5.1_ROS_10.0,32,5.1,10,0.251831055
PCA_T_32_pH_5.1_ROS_2.0,32,5.1,2,0.360473633
PCA_T_32_pH_5.1_ROS_20.0,32,5.1,20,0.114929199
PCA_T_32_pH_5.1_ROS_5.0,32,5.1,5,0.319763184
PCA_T_32_pH_5.2_ROS_0.1,32,5.2,0.1,0.647277832
PCA_T_32_pH_5.2_ROS_0.5,32,5.2,0.5,0.619750977
PCA_T_32_pH_5.2_ROS_1.0,32,5.2,1,0.593994141
PCA_T_32_pH_5.2_ROS_10.0,32,5.2,10,0.393066406
PCA_T_32_pH_5.2_ROS_2.0,32,5.2,2,0.563476563
PCA_T_32_pH_5.2_ROS_5.0,32,5.2,5,0.5
PCA_T_32_pH_5.3_ROS_0.1,32,5.3,0.1,0.761230469
PCA_T_32_pH_5.3_ROS_0.5,32,5.3,0.5,0.729797363
PCA_T_32_pH_5.3_ROS_1.0,32,5.3,1,0.695678711
PCA_T_32_pH_5.3_ROS_10.0,32,5.3,10,0.460327148
PCA_T_32_pH_5.3_ROS_2.0,32,5.3,2,0.659179688
PCA_T_32_pH_5.3_ROS_20.0,32,5.3,20,0.207458496
PCA_T_32_pH_5.3_ROS_5.0,32,5.3,5,0.583679199
PCA_T_32_pH_5.4_ROS_0.1,32,5.4,0.1,0.798706055
PCA_T_32_pH_5.4_ROS_0.5,32,5.4,0.5,0.766052246
PCA_T_32_pH_5.4_ROS_1.0,32,5.4,1,0.728637695
PCA_T_32_pH_5.4_ROS_10.0,32,5.4,10,0.482849121
PCA_T_32_pH_5.4_ROS_2.0,32,5.4,2,0.69128418
PCA_T_32_pH_5.4_ROS_5.0,32,5.4,5,0.610168457
PCA_T_32_pH_5.5_ROS_0.1,32,5.5,0.1,0.808532715
PCA_T_32_pH_5.5_ROS_0.5,32,5.5,0.5,0.775634766
PCA_T_32_pH_5.5_ROS_1.0,32,5.5,1,0.737426758
PCA_T_32_pH_5.5_ROS_10.0,32,5.5,10,0.488952637
PCA_T_32_pH_5.5_ROS_2.0,32,5.5,2,0.699829102
PCA_T_32_pH_5.5_ROS_20.0,32,5.5,20,0.220214844
PCA_T_32_pH_5.5_ROS_5.0,32,5.5,5,0.617248535
PCA_T_32_pH_5.6_ROS_0.1,32,5.6,0.1,0.813110352
PCA_T_32_pH_5.6_ROS_0.5,32,5.6,0.5,0.780090332
PCA_T_32_pH_5.6_ROS_1.0,32,5.6,1,0.741638184
PCA_T_32_pH_5.6_ROS_10.0,32,5.6,10,0.491943359
PCA_T_32_pH_5.6_ROS_2.0,32,5.6,2,0.703918457
PCA_T_32_pH_5.6_ROS_5.0,32,5.6,5,0.620361328
PCA_T_32_pH_5.7_ROS_0.1,32,5.7,0.1,0.813964844
PCA_T_32_pH_5.7_ROS_0.5,32,5.7,0.5,0.780944824
PCA_T_32_pH_5.7_ROS_1.0,32,5.7,1,0.742553711
PCA_T_32_pH_5.7_ROS_10.0,32,5.7,10,0.492736816
PCA_T_32_pH_5.7_ROS_2.0,32,5.7,2,0.704833984
PCA_T_32_pH_5.7_ROS_20.0,32,5.7,20,0.221984863
PCA_T_32_pH_5.7_ROS_5.0,32,5.7,5,0.62121582
PCA_T_32_pH_5.8_ROS_0.1,32,5.8,0.1,0.814025879
PCA_T_32_pH_5.8_ROS_0.5,32,5.8,0.5,0.781066895
PCA_T_32_pH_5.8_ROS_1.0,32,5.8,1,0.742736816
PCA_T_32_pH_5.8_ROS_10.0,32,5.8,10,0.492980957
PCA_T_32_pH_5.8_ROS_2.0,32,5.8,2,0.705078125
PCA_T_32_pH_5.8_ROS_5.0,32,5.8,5,0.621582031
PCA_T_32_pH_5.9_ROS_0.1,32,5.9,0.1,0.813781738
PCA_T_32_pH_5.9_ROS_0.5,32,5.9,0.5,0.780883789
PCA_T_32_pH_5.9_ROS_1.0,32,5.9,1,0.742675781
PCA_T_32_pH_5.9_ROS_10.0,32,5.9,10,0.493041992
PCA_T_32_pH_5.9_ROS_2.0,32,5.9,2,0.70501709
PCA_T_32_pH_5.9_ROS_20.0,32,5.9,20,0.222290039
PCA_T_32_pH_5.9_ROS_5.0,32,5.9,5,0.621704102
PCA_T_32_pH_6.0_ROS_0.1,32,6,0.1,0.813293457
PCA_T_32_pH_6.0_ROS_0.5,32,6,0.5,0.780456543
PCA_T_32_pH_6.0_ROS_1.0,32,6,1,0.742370605
PCA_T_32_pH_6.0_ROS_10.0,32,6,10,0.493041992
PCA_T_32_pH_6.0_ROS_2.0,32,6,2,0.704772949
PCA_T_32_pH_6.0_ROS_5.0,32,6,5,0.621765137
PCA_T_32_pH_6.1_ROS_10.0,32,6.1,10,0.492797852
PCA_T_32_pH_6.1_ROS_20.0,32,6.1,20,0.222229004
PCA_T_32_pH_6.2_ROS_0.1,32,6.2,0.1,0.811218262
PCA_T_32_pH_6.2_ROS_0.5,32,6.2,0.5,0.778625488
PCA_T_32_pH_6.2_ROS_1.0,32,6.2,1,0.740966797
PCA_T_32_pH_6.2_ROS_10.0,32,6.2,10,0.492431641
PCA_T_32_pH_6.2_ROS_2.0,32,6.2,2,0.703491211
PCA_T_32_pH_6.2_ROS_5.0,32,6.2,5,0.621337891
PCA_T_32_pH_6.3_ROS_10.0,32,6.3,10,0.491699219
PCA_T_32_pH_6.3_ROS_20.0,32,6.3,20,0.221618652
PCA_T_32_pH_6.4_ROS_0.1,32,6.4,0.1,0.806518555
PCA_T_32_pH_6.4_ROS_0.5,32,6.4,0.5,0.774169922
PCA_T_32_pH_6.4_ROS_1.0,32,6.4,1,0.737426758
PCA_T_32_pH_6.4_ROS_10.0,32,6.4,10,0.490600586
PCA_T_32_pH_6.4_ROS_2.0,32,6.4,2,0.700195313
PCA_T_32_pH_6.4_ROS_5.0,32,6.4,5,0.619445801
PCA_T_32_pH_6.5_ROS_10.0,32,6.5,10,0.488830566
PCA_T_32_pH_6.5_ROS_20.0,32,6.5,20,0.219970703
PCA_T_32_pH_6.6_ROS_0.1,32,6.6,0.1,0.795593262
PCA_T_32_pH_6.6_ROS_0.5,32,6.6,0.5,0.763671875
PCA_T_32_pH_6.6_ROS_1.0,32,6.6,1,0.729187012
PCA_T_32_pH_6.6_ROS_10.0,32,6.6,10,0.485961914
PCA_T_32_pH_6.6_ROS_2.0,32,6.6,2,0.692260742
PCA_T_32_pH_6.6_ROS_5.0,32,6.6,5,0.614318848
PCA_T_32_pH_6.7_ROS_10.0,32,6.7,10,0.481384277
PCA_T_32_pH_6.8_ROS_0.1,32,6.8,0.1,0.770324707
PCA_T_32_pH_6.8_ROS_0.5,32,6.8,0.5,0.739074707
PCA_T_32_pH_6.8_ROS_1.0,32,6.8,1,0.710021973
PCA_T_32_pH_6.8_ROS_10.0,32,6.8,10,0.47467041
PCA_T_32_pH_6.8_ROS_2.0,32,6.8,2,0.674682617
PCA_T_32_pH_6.8_ROS_5.0,32,6.8,5,0.601806641
PCA_T_32_pH_6.9_ROS_10.0,32,6.9,10,0.467651367
PCA_T_32_pH_7.0_ROS_0.1,32,7,0.1,0.754821777
PCA_T_32_pH_7.0_ROS_0.5,32,7,0.5,0.724060059
PCA_T_32_pH_7.0_ROS_1.0,32,7,1,0.697875977
PCA_T_32_pH_7.0_ROS_10.0,32,7,10,0.467712402
PCA_T_32_pH_7.0_ROS_2.0,32,7,2,0.664733887
PCA_T_32_pH_7.0_ROS_5.0,32,7,5,0.594055176
PCA_T_34_pH_5.0_ROS_0.1,34,5,0.1,0.128662109
PCA_T_34_pH_5.0_ROS_0.5,34,5,0.5,0.125549316
PCA_T_34_pH_5.0_ROS_1.0,34,5,1,0.123779297
PCA_T_34_pH_5.0_ROS_10.0,34,5,10,0.091918945
PCA_T_34_pH_5.0_ROS_2.0,34,5,2,0.120239258
PCA_T_34_pH_5.0_ROS_5.0,34,5,5,0.109619141
PCA_T_34_pH_5.1_ROS_0.1,34,5.1,0.1,0.381835938
PCA_T_34_pH_5.1_ROS_0.5,34,5.1,0.5,0.367736816
PCA_T_34_pH_5.1_ROS_1.0,34,5.1,1,0.359191895
PCA_T_34_pH_5.1_ROS_10.0,34,5.1,10,0.264831543
PCA_T_34_pH_5.1_ROS_2.0,34,5.1,2,0.348083496
PCA_T_34_pH_5.1_ROS_20.0,34,5.1,20,0.160339355
PCA_T_34_pH_5.1_ROS_5.0,34,5.1,5,0.316894531
PCA_T_34_pH_5.2_ROS_0.1,34,5.2,0.1,0.690002441
PCA_T_34_pH_5.2_ROS_0.5,34,5.2,0.5,0.66607666
PCA_T_34_pH_5.2_ROS_1.0,34,5.2,1,0.642150879
PCA_T_34_pH_5.2_ROS_10.0,34,5.2,10,0.467590332
PCA_T_34_pH_5.2_ROS_2.0,34,5.2,2,0.614868164
PCA_T_34_pH_5.2_ROS_5.0,34,5.2,5,0.559936523
PCA_T_34_pH_5.3_ROS_0.1,34,5.3,0.1,0.865783691
PCA_T_34_pH_5.3_ROS_0.5,34,5.3,0.5,0.836914063
PCA_T_34_pH_5.3_ROS_1.0,34,5.3,1,0.801818848
PCA_T_34_pH_5.3_ROS_10.0,34,5.3,10,0.584411621
PCA_T_34_pH_5.3_ROS_2.0,34,5.3,2,0.767883301
PCA_T_34_pH_5.3_ROS_20.0,34,5.3,20,0.350769043
PCA_T_34_pH_5.3_ROS_5.0,34,5.3,5,0.695495605
PCA_T_34_pH_5.4_ROS_0.1,34,5.4,0.1,0.92980957
PCA_T_34_pH_5.4_ROS_0.5,34,5.4,0.5,0.899108887
PCA_T_34_pH_5.4_ROS_1.0,34,5.4,1,0.860961914
PCA_T_34_pH_5.4_ROS_10.0,34,5.4,10,0.62701416
PCA_T_34_pH_5.4_ROS_2.0,34,5.4,2,0.822937012
PCA_T_34_pH_5.4_ROS_5.0,34,5.4,5,0.739807129
PCA_T_34_pH_5.5_ROS_0.1,34,5.5,0.1,0.947265625
PCA_T_34_pH_5.5_ROS_0.5,34,5.5,0.5,0.916320801
PCA_T_34_pH_5.5_ROS_1.0,34,5.5,1,0.877563477
PCA_T_34_pH_5.5_ROS_10.0,34,5.5,10,0.639038086
PCA_T_34_pH_5.5_ROS_2.0,34,5.5,2,0.835571289
PCA_T_34_pH_5.5_ROS_20.0,34,5.5,20,0.384277344
PCA_T_34_pH_5.5_ROS_5.0,34,5.5,5,0.751098633
PCA_T_34_pH_5.6_ROS_0.1,34,5.6,0.1,0.955078125
PCA_T_34_pH_5.6_ROS_0.5,34,5.6,0.5,0.924682617
PCA_T_34_pH_5.6_ROS_1.0,34,5.6,1,0.885620117
PCA_T_34_pH_5.6_ROS_10.0,34,5.6,10,0.644958496
PCA_T_34_pH_5.6_ROS_2.0,34,5.6,2,0.841369629
PCA_T_34_pH_5.6_ROS_5.0,34,5.6,5,0.756591797
PCA_T_34_pH_5.7_ROS_0.1,34,5.7,0.1,0.956604004
PCA_T_34_pH_5.7_ROS_0.5,34,5.7,0.5,0.926452637
PCA_T_34_pH_5.7_ROS_1.0,34,5.7,1,0.887390137
PCA_T_34_pH_5.7_ROS_10.0,34,5.7,10,0.64642334
PCA_T_34_pH_5.7_ROS_2.0,34,5.7,2,0.842773438
PCA_T_34_pH_5.7_ROS_20.0,34,5.7,20,0.388977051
PCA_T_34_pH_5.7_ROS_5.0,34,5.7,5,0.757995605
PCA_T_34_pH_5.8_ROS_0.1,34,5.8,0.1,0.95703125
PCA_T_34_pH_5.8_ROS_0.5,34,5.8,0.5,0.926879883
PCA_T_34_pH_5.8_ROS_1.0,34,5.8,1,0.887817383
PCA_T_34_pH_5.8_ROS_10.0,34,5.8,10,0.646911621
PCA_T_34_pH_5.8_ROS_2.0,34,5.8,2,0.843261719
PCA_T_34_pH_5.8_ROS_5.0,34,5.8,5,0.758483887
PCA_T_34_pH_5.9_ROS_0.1,34,5.9,0.1,0.956970215
PCA_T_34_pH_5.9_ROS_0.5,34,5.9,0.5,0.926757813
PCA_T_34_pH_5.9_ROS_1.0,34,5.9,1,0.887756348
PCA_T_34_pH_5.9_ROS_10.0,34,5.9,10,0.647033691
PCA_T_34_pH_5.9_ROS_2.0,34,5.9,2,0.843322754
PCA_T_34_pH_5.9_ROS_20.0,34,5.9,20,0.389465332
PCA_T_34_pH_5.9_ROS_5.0,34,5.9,5,0.758728027
PCA_T_34_pH_6.0_ROS_0.1,34,6,0.1,0.956604004
PCA_T_34_pH_6.0_ROS_0.5,34,6,0.5,0.926330566
PCA_T_34_pH_6.0_ROS_1.0,34,6,1,0.887329102
PCA_T_34_pH_6.0_ROS_10.0,34,6,10,0.646972656
PCA_T_34_pH_6.0_ROS_2.0,34,6,2,0.843261719
PCA_T_34_pH_6.0_ROS_5.0,34,6,5,0.758666992
PCA_T_34_pH_6.1_ROS_10.0,34,6.1,10,0.64666748
PCA_T_34_pH_6.1_ROS_20.0,34,6.1,20,0.389282227
PCA_T_34_pH_6.2_ROS_0.1,34,6.2,0.1,0.954711914
PCA_T_34_pH_6.2_ROS_0.5,34,6.2,0.5,0.924133301
PCA_T_34_pH_6.2_ROS_1.0,34,6.2,1,0.885314941
PCA_T_34_pH_6.2_ROS_10.0,34,6.2,10,0.646179199
PCA_T_34_pH_6.2_ROS_2.0,34,6.2,2,0.842224121
PCA_T_34_pH_6.2_ROS_5.0,34,6.2,5,0.757995605
PCA_T_34_pH_6.3_ROS_10.0,34,6.3,10,0.645324707
PCA_T_34_pH_6.3_ROS_20.0,34,6.3,20,0.388366699
PCA_T_34_pH_6.4_ROS_0.1,34,6.4,0.1,0.949768066
PCA_T_34_pH_6.4_ROS_0.5,34,6.4,0.5,0.919067383
PCA_T_34_pH_6.4_ROS_1.0,34,6.4,1,0.880432129
PCA_T_34_pH_6.4_ROS_10.0,34,6.4,10,0.643920898
PCA_T_34_pH_6.4_ROS_2.0,34,6.4,2,0.839416504
PCA_T_34_pH_6.4_ROS_5.0,34,6.4,5,0.755981445
PCA_T_34_pH_6.5_ROS_10.0,34,6.5,10,0.641723633
PCA_T_34_pH_6.5_ROS_20.0,34,6.5,20,0.385925293
PCA_T_34_pH_6.6_ROS_0.1,34,6.6,0.1,0.937438965
PCA_T_34_pH_6.6_ROS_0.5,34,6.6,0.5,0.907104492
PCA_T_34_pH_6.6_ROS_1.0,34,6.6,1,0.869873047
PCA_T_34_pH_6.6_ROS_10.0,34,6.6,10,0.638244629
PCA_T_34_pH_6.6_ROS_2.0,34,6.6,2,0.832519531
PCA_T_34_pH_6.6_ROS_5.0,34,6.6,5,0.750671387
PCA_T_34_pH_6.7_ROS_10.0,34,6.7,10,0.632751465
PCA_T_34_pH_6.7_ROS_20.0,34,6.7,20,0.379577637
PCA_T_34_pH_6.8_ROS_0.1,34,6.8,0.1,0.908935547
PCA_T_34_pH_6.8_ROS_0.5,34,6.8,0.5,0.879272461
PCA_T_34_pH_6.8_ROS_1.0,34,6.8,1,0.84588623
PCA_T_34_pH_6.8_ROS_10.0,34,6.8,10,0.624633789
PCA_T_34_pH_6.8_ROS_2.0,34,6.8,2,0.812316895
PCA_T_34_pH_6.8_ROS_5.0,34,6.8,5,0.737731934
PCA_T_34_pH_6.9_ROS_10.0,34,6.9,10,0.616088867
PCA_T_34_pH_6.9_ROS_20.0,34,6.9,20,0.367797852
PCA_T_34_pH_7.0_ROS_0.1,34,7,0.1,0.891418457
PCA_T_34_pH_7.0_ROS_0.5,34,7,0.5,0.862304688
PCA_T_34_pH_7.0_ROS_1.0,34,7,1,0.832214355
PCA_T_34_pH_7.0_ROS_10.0,34,7,10,0.616149902
PCA_T_34_pH_7.0_ROS_2.0,34,7,2,0.799621582
PCA_T_34_pH_7.0_ROS_5.0,34,7,5,0.730102539
PCA_T_36_pH_5.0_ROS_0.1,36,5,0.1,0.102355957
PCA_T_36_pH_5.0_ROS_0.5,36,5,0.5,0.100646973
PCA_T_36_pH_5.0_ROS_1.0,36,5,1,0.099487305
PCA_T_36_pH_5.0_ROS_10.0,36,5,10,0.078979492
PCA_T_36_pH_5.0_ROS_2.0,36,5,2,0.097229004
PCA_T_36_pH_5.0_ROS_5.0,36,5,5,0.090393066
PCA_T_36_pH_5.1_ROS_0.1,36,5.1,0.1,0.333251953
PCA_T_36_pH_5.1_ROS_0.5,36,5.1,0.5,0.323364258
PCA_T_36_pH_5.1_ROS_1.0,36,5.1,1,0.317810059
PCA_T_36_pH_5.1_ROS_10.0,36,5.1,10,0.250732422
PCA_T_36_pH_5.1_ROS_2.0,36,5.1,2,0.310302734
PCA_T_36_pH_5.1_ROS_20.0,36,5.1,20,0.176513672
PCA_T_36_pH_5.1_ROS_5.0,36,5.1,5,0.287902832
PCA_T_36_pH_5.2_ROS_0.1,36,5.2,0.1,0.691040039
PCA_T_36_pH_5.2_ROS_0.5,36,5.2,0.5,0.671142578
PCA_T_36_pH_5.2_ROS_1.0,36,5.2,1,0.648864746
PCA_T_36_pH_5.2_ROS_10.0,36,5.2,10,0.507385254
PCA_T_36_pH_5.2_ROS_2.0,36,5.2,2,0.627807617
PCA_T_36_pH_5.2_ROS_5.0,36,5.2,5,0.582824707
PCA_T_36_pH_5.3_ROS_0.1,36,5.3,0.1,0.94934082
PCA_T_36_pH_5.3_ROS_0.5,36,5.3,0.5,0.923217773
PCA_T_36_pH_5.3_ROS_1.0,36,5.3,1,0.890991211
PCA_T_36_pH_5.3_ROS_10.0,36,5.3,10,0.692565918
PCA_T_36_pH_5.3_ROS_2.0,36,5.3,2,0.852355957
PCA_T_36_pH_5.3_ROS_20.0,36,5.3,20,0.48651123
PCA_T_36_pH_5.3_ROS_5.0,36,5.3,5,0.790344238
PCA_T_36_pH_5.4_ROS_0.1,36,5.4,0.1,1.057128906
PCA_T_36_pH_5.4_ROS_0.5,36,5.4,0.5,1.028381348
PCA_T_36_pH_5.4_ROS_1.0,36,5.4,1,0.992736816
PCA_T_36_pH_5.4_ROS_10.0,36,5.4,10,0.768554688
PCA_T_36_pH_5.4_ROS_2.0,36,5.4,2,0.943969727
PCA_T_36_pH_5.4_ROS_5.0,36,5.4,5,0.867492676
PCA_T_36_pH_5.5_ROS_0.1,36,5.5,0.1,1.083007813
PCA_T_36_pH_5.5_ROS_0.5,36,5.5,0.5,1.059509277
PCA_T_36_pH_5.5_ROS_1.0,36,5.5,1,1.022888184
PCA_T_36_pH_5.5_ROS_10.0,36,5.5,10,0.790161133
PCA_T_36_pH_5.5_ROS_2.0,36,5.5,2,0.967285156
PCA_T_36_pH_5.5_ROS_20.0,36,5.5,20,0.559509277
PCA_T_36_pH_5.5_ROS_5.0,36,5.5,5,0.887207031
PCA_T_36_pH_5.6_ROS_0.1,36,5.6,0.1,1.08996582
PCA_T_36_pH_5.6_ROS_0.5,36,5.6,0.5,1.073913574
PCA_T_36_pH_5.6_ROS_1.0,36,5.6,1,1.037963867
PCA_T_36_pH_5.6_ROS_10.0,36,5.6,10,0.801025391
PCA_T_36_pH_5.6_ROS_2.0,36,5.6,2,0.979064941
PCA_T_36_pH_5.6_ROS_5.0,36,5.6,5,0.897216797
PCA_T_36_pH_5.7_ROS_0.1,36,5.7,0.1,1.09173584
PCA_T_36_pH_5.7_ROS_0.5,36,5.7,0.5,1.077026367
PCA_T_36_pH_5.7_ROS_1.0,36,5.7,1,1.041503906
PCA_T_36_pH_5.7_ROS_10.0,36,5.7,10,0.803710938
PCA_T_36_pH_5.7_ROS_2.0,36,5.7,2,0.981933594
PCA_T_36_pH_5.7_ROS_20.0,36,5.7,20,0.57019043
PCA_T_36_pH_5.7_ROS_5.0,36,5.7,5,0.899719238
PCA_T_36_pH_5.8_ROS_0.1,36,5.8,0.1,1.092407227
PCA_T_36_pH_5.8_ROS_0.5,36,5.8,0.5,1.077880859
PCA_T_36_pH_5.8_ROS_1.0,36,5.8,1,1.042541504
PCA_T_36_pH_5.8_ROS_10.0,36,5.8,10,0.8046875
PCA_T_36_pH_5.8_ROS_2.0,36,5.8,2,0.982849121
PCA_T_36_pH_5.8_ROS_5.0,36,5.8,5,0.900634766
PCA_T_36_pH_5.9_ROS_0.1,36,5.9,0.1,1.092590332
PCA_T_36_pH_5.9_ROS_0.5,36,5.9,0.5,1.07800293
PCA_T_36_pH_5.9_ROS_1.0,36,5.9,1,1.042663574
PCA_T_36_pH_5.9_ROS_10.0,36,5.9,10,0.804992676
PCA_T_36_pH_5.9_ROS_2.0,36,5.9,2,0.983032227
PCA_T_36_pH_5.9_ROS_20.0,36,5.9,20,0.571166992
PCA_T_36_pH_5.9_ROS_5.0,36,5.9,5,0.900939941
PCA_T_36_pH_6.0_ROS_0.1,36,6,0.1,1.092529297
PCA_T_36_pH_6.0_ROS_0.5,36,6,0.5,1.077758789
PCA_T_36_pH_6.0_ROS_1.0,36,6,1,1.042236328
PCA_T_36_pH_6.0_ROS_10.0,36,6,10,0.804992676
PCA_T_36_pH_6.0_ROS_2.0,36,6,2,0.982849121
PCA_T_36_pH_6.0_ROS_5.0,36,6,5,0.900939941
PCA_T_36_pH_6.1_ROS_10.0,36,6.1,10,0.8046875
PCA_T_36_pH_6.1_ROS_20.0,36,6.1,20,0.570983887
PCA_T_36_pH_6.2_ROS_0.1,36,6.2,0.1,1.09173584
PCA_T_36_pH_6.2_ROS_0.5,36,6.2,0.5,1.075805664
PCA_T_36_pH_6.2_ROS_1.0,36,6.2,1,1.039978027
PCA_T_36_pH_6.2_ROS_10.0,36,6.2,10,0.804138184
PCA_T_36_pH_6.2_ROS_2.0,36,6.2,2,0.981445313
PCA_T_36_pH_6.2_ROS_5.0,36,6.2,5,0.900024414
PCA_T_36_pH_6.3_ROS_10.0,36,6.3,10,0.803161621
PCA_T_36_pH_6.3_ROS_20.0,36,6.3,20,0.569702148
PCA_T_36_pH_6.4_ROS_0.1,36,6.4,0.1,1.089355469
PCA_T_36_pH_6.4_ROS_0.5,36,6.4,0.5,1.070922852
PCA_T_36_pH_6.4_ROS_1.0,36,6.4,1,1.034545898
PCA_T_36_pH_6.4_ROS_10.0,36,6.4,10,0.801635742
PCA_T_36_pH_6.4_ROS_2.0,36,6.4,2,0.977783203
PCA_T_36_pH_6.4_ROS_5.0,36,6.4,5,0.897460938
PCA_T_36_pH_6.5_ROS_10.0,36,6.5,10,0.799255371
PCA_T_36_pH_6.5_ROS_20.0,36,6.5,20,0.566467285
PCA_T_36_pH_6.6_ROS_0.1,36,6.6,0.1,1.083190918
PCA_T_36_pH_6.6_ROS_0.5,36,6.6,0.5,1.058044434
PCA_T_36_pH_6.6_ROS_1.0,36,6.6,1,1.02166748
PCA_T_36_pH_6.6_ROS_10.0,36,6.6,10,0.795471191
PCA_T_36_pH_6.6_ROS_2.0,36,6.6,2,0.968994141
PCA_T_36_pH_6.6_ROS_5.0,36,6.6,5,0.891052246
PCA_T_36_pH_6.7_ROS_10.0,36,6.7,10,0.789428711
PCA_T_36_pH_6.7_ROS_20.0,36,6.7,20,0.558227539
PCA_T_36_pH_6.8_ROS_0.1,36,6.8,0.1,1.055541992
PCA_T_36_pH_6.8_ROS_0.5,36,6.8,0.5,1.02722168
PCA_T_36_pH_6.8_ROS_1.0,36,6.8,1,0.991821289
PCA_T_36_pH_6.8_ROS_10.0,36,6.8,10,0.780517578
PCA_T_36_pH_6.8_ROS_2.0,36,6.8,2,0.948791504
PCA_T_36_pH_6.8_ROS_5.0,36,6.8,5,0.876159668
PCA_T_36_pH_6.9_ROS_10.0,36,6.9,10,0.770996094
PCA_T_36_pH_6.9_ROS_20.0,36,6.9,20,0.542907715
PCA_T_36_pH_7.0_ROS_0.1,36,7,0.1,1.036132813
PCA_T_36_pH_7.0_ROS_0.5,36,7,0.5,1.008300781
PCA_T_36_pH_7.0_ROS_1.0,36,7,1,0.973693848
PCA_T_36_pH_7.0_ROS_10.0,36,7,10,0.770996094
PCA_T_36_pH_7.0_ROS_2.0,36,7,2,0.936462402
PCA_T_36_pH_7.0_ROS_5.0,36,7,5,0.867553711
PCA_T_38_pH_5.0_ROS_0.1,38,5,0.1,0.076538086
PCA_T_38_pH_5.0_ROS_0.5,38,5,0.5,0.075805664
PCA_T_38_pH_5.0_ROS_1.0,38,5,1,0.075134277
PCA_T_38_pH_5.0_ROS_10.0,38,5,10,0.062561035
PCA_T_38_pH_5.0_ROS_2.0,38,5,2,0.073730469
PCA_T_38_pH_5.0_ROS_5.0,38,5,5,0.069519043
PCA_T_38_pH_5.1_ROS_0.1,38,5.1,0.1,0.26751709
PCA_T_38_pH_5.1_ROS_0.5,38,5.1,0.5,0.26159668
PCA_T_38_pH_5.1_ROS_1.0,38,5.1,1,0.258972168
PCA_T_38_pH_5.1_ROS_10.0,38,5.1,10,0.212890625
PCA_T_38_pH_5.1_ROS_2.0,38,5.1,2,0.253845215
PCA_T_38_pH_5.1_ROS_20.0,38,5.1,20,0.162658691
PCA_T_38_pH_5.1_ROS_5.0,38,5.1,5,0.23840332
PCA_T_38_pH_5.2_ROS_0.1,38,5.2,0.1,0.63293457
PCA_T_38_pH_5.2_ROS_0.5,38,5.2,0.5,0.616149902
PCA_T_38_pH_5.2_ROS_1.0,38,5.2,1,0.600891113
PCA_T_38_pH_5.2_ROS_10.0,38,5.2,10,0.488037109
PCA_T_38_pH_5.2_ROS_2.0,38,5.2,2,0.587402344
PCA_T_38_pH_5.2_ROS_5.0,38,5.2,5,0.550354004
PCA_T_38_pH_5.3_ROS_0.1,38,5.3,0.1,0.975158691
PCA_T_38_pH_5.3_ROS_0.5,38,5.3,0.5,0.950439453
PCA_T_38_pH_5.3_ROS_1.0,38,5.3,1,0.923706055
PCA_T_38_pH_5.3_ROS_10.0,38,5.3,10,0.744934082
PCA_T_38_pH_5.3_ROS_2.0,38,5.3,2,0.887268066
PCA_T_38_pH_5.3_ROS_20.0,38,5.3,20,0.557556152
PCA_T_38_pH_5.3_ROS_5.0,38,5.3,5,0.834289551
PCA_T_38_pH_5.4_ROS_0.1,38,5.4,0.1,1.14465332
PCA_T_38_pH_5.4_ROS_0.5,38,5.4,0.5,1.116333008
PCA_T_38_pH_5.4_ROS_1.0,38,5.4,1,1.083557129
PCA_T_38_pH_5.4_ROS_10.0,38,5.4,10,0.867980957
PCA_T_38_pH_5.4_ROS_2.0,38,5.4,2,1.031921387
PCA_T_38_pH_5.4_ROS_5.0,38,5.4,5,0.964294434
PCA_T_38_pH_5.5_ROS_0.1,38,5.5,0.1,1.197143555
PCA_T_38_pH_5.5_ROS_0.5,38,5.5,0.5,1.169799805
PCA_T_38_pH_5.5_ROS_1.0,38,5.5,1,1.134155273
PCA_T_38_pH_5.5_ROS_10.0,38,5.5,10,0.907409668
PCA_T_38_pH_5.5_ROS_2.0,38,5.5,2,1.077270508
PCA_T_38_pH_5.5_ROS_20.0,38,5.5,20,0.686157227
PCA_T_38_pH_5.5_ROS_5.0,38,5.5,5,0.989318848
PCA_T_38_pH_5.6_ROS_0.1,38,5.6,0.1,1.20916748
PCA_T_38_pH_5.6_ROS_0.5,38,5.6,0.5,1.196166992
PCA_T_38_pH_5.6_ROS_1.0,38,5.6,1,1.160644531
PCA_T_38_pH_5.6_ROS_10.0,38,5.6,10,0.927062988
PCA_T_38_pH_5.6_ROS_2.0,38,5.6,2,1.100708008
PCA_T_38_pH_5.6_ROS_5.0,38,5.6,5,1.002319336
PCA_T_38_pH_5.7_ROS_0.1,38,5.7,0.1,1.212219238
PCA_T_38_pH_5.7_ROS_0.5,38,5.7,0.5,1.19934082
PCA_T_38_pH_5.7_ROS_1.0,38,5.7,1,1.167236328
PCA_T_38_pH_5.7_ROS_10.0,38,5.7,10,0.932006836
PCA_T_38_pH_5.7_ROS_2.0,38,5.7,2,1.106567383
PCA_T_38_pH_5.7_ROS_20.0,38,5.7,20,0.706481934
PCA_T_38_pH_5.7_ROS_5.0,38,5.7,5,1.00579834
PCA_T_38_pH_5.8_ROS_0.1,38,5.8,0.1,1.213378906
PCA_T_38_pH_5.8_ROS_0.5,38,5.8,0.5,1.200439453
PCA_T_38_pH_5.8_ROS_1.0,38,5.8,1,1.169433594
PCA_T_38_pH_5.8_ROS_10.0,38,5.8,10,0.93371582
PCA_T_38_pH_5.8_ROS_2.0,38,5.8,2,1.108581543
PCA_T_38_pH_5.8_ROS_5.0,38,5.8,5,1.007141113
PCA_T_38_pH_5.9_ROS_0.1,38,5.9,0.1,1.213745117
PCA_T_38_pH_5.9_ROS_0.5,38,5.9,0.5,1.200805664
PCA_T_38_pH_5.9_ROS_1.0,38,5.9,1,1.16998291
PCA_T_38_pH_5.9_ROS_10.0,38,5.9,10,0.934326172
PCA_T_38_pH_5.9_ROS_2.0,38,5.9,2,1.109191895
PCA_T_38_pH_5.9_ROS_20.0,38,5.9,20,0.708435059
PCA_T_38_pH_5.9_ROS_5.0,38,5.9,5,1.00769043
PCA_T_38_pH_6.0_ROS_0.1,38,6,0.1,1.213806152
PCA_T_38_pH_6.0_ROS_0.5,38,6,0.5,1.200866699
PCA_T_38_pH_6.0_ROS_1.0,38,6,1,1.169799805
PCA_T_38_pH_6.0_ROS_10.0,38,6,10,0.934387207
PCA_T_38_pH_6.0_ROS_2.0,38,6,2,1.109130859
PCA_T_38_pH_6.0_ROS_5.0,38,6,5,1.007873535
PCA_T_38_pH_6.1_ROS_10.0,38,6.1,10,0.934082031
PCA_T_38_pH_6.1_ROS_20.0,38,6.1,20,0.708190918
PCA_T_38_pH_6.2_ROS_0.1,38,6.2,0.1,1.213012695
PCA_T_38_pH_6.2_ROS_0.5,38,6.2,0.5,1.200073242
PCA_T_38_pH_6.2_ROS_1.0,38,6.2,1,1.167785645
PCA_T_38_pH_6.2_ROS_10.0,38,6.2,10,0.93347168
PCA_T_38_pH_6.2_ROS_2.0,38,6.2,2,1.10760498
PCA_T_38_pH_6.2_ROS_5.0,38,6.2,5,1.007446289
PCA_T_38_pH_6.3_ROS_10.0,38,6.3,10,0.932434082
PCA_T_38_pH_6.3_ROS_20.0,38,6.3,20,0.706726074
PCA_T_38_pH_6.4_ROS_0.1,38,6.4,0.1,1.210632324
PCA_T_38_pH_6.4_ROS_0.5,38,6.4,0.5,1.197631836
PCA_T_38_pH_6.4_ROS_1.0,38,6.4,1,1.162658691
PCA_T_38_pH_6.4_ROS_10.0,38,6.4,10,0.930725098
PCA_T_38_pH_6.4_ROS_2.0,38,6.4,2,1.103515625
PCA_T_38_pH_6.4_ROS_5.0,38,6.4,5,1.00567627
PCA_T_38_pH_6.5_ROS_10.0,38,6.5,10,0.927978516
PCA_T_38_pH_6.5_ROS_20.0,38,6.5,20,0.702819824
PCA_T_38_pH_6.6_ROS_0.1,38,6.6,0.1,1.204528809
PCA_T_38_pH_6.6_ROS_0.5,38,6.6,0.5,1.185546875
PCA_T_38_pH_6.6_ROS_1.0,38,6.6,1,1.150634766
PCA_T_38_pH_6.6_ROS_10.0,38,6.6,10,0.923706055
PCA_T_38_pH_6.6_ROS_2.0,38,6.6,2,1.093505859
PCA_T_38_pH_6.6_ROS_5.0,38,6.6,5,1.000854492
PCA_T_38_pH_6.7_ROS_10.0,38,6.7,10,0.916870117
PCA_T_38_pH_6.7_ROS_20.0,38,6.7,20,0.693054199
PCA_T_38_pH_6.8_ROS_0.1,38,6.8,0.1,1.182678223
PCA_T_38_pH_6.8_ROS_0.5,38,6.8,0.5,1.154296875
PCA_T_38_pH_6.8_ROS_1.0,38,6.8,1,1.124023438
PCA_T_38_pH_6.8_ROS_10.0,38,6.8,10,0.90625
PCA_T_38_pH_6.8_ROS_2.0,38,6.8,2,1.070983887
PCA_T_38_pH_6.8_ROS_5.0,38,6.8,5,0.989196777
PCA_T_38_pH_6.9_ROS_10.0,38,6.9,10,0.895141602
PCA_T_38_pH_6.9_ROS_20.0,38,6.9,20,0.675048828
PCA_T_38_pH_7.0_ROS_0.1,38,7,0.1,1.162902832
PCA_T_38_pH_7.0_ROS_0.5,38,7,0.5,1.136474609
PCA_T_38_pH_7.0_ROS_1.0,38,7,1,1.107971191
PCA_T_38_pH_7.0_ROS_10.0,38,7,10,0.895141602
PCA_T_38_pH_7.0_ROS_2.0,38,7,2,1.057312012
PCA_T_38_pH_7.0_ROS_5.0,38,7,5,0.98236084
PCA_T_40_pH_5.0_ROS_0.1,40,5,0.1,0.054199219
PCA_T_40_pH_5.0_ROS_0.5,40,5,0.5,0.053833008
PCA_T_40_pH_5.0_ROS_1.0,40,5,1,0.053405762
PCA_T_40_pH_5.0_ROS_10.0,40,5,10,0.045776367
PCA_T_40_pH_5.0_ROS_2.0,40,5,2,0.05255127
PCA_T_40_pH_5.0_ROS_5.0,40,5,5,0.049987793
PCA_T_40_pH_5.1_ROS_0.1,40,5.1,0.1,0.199401855
PCA_T_40_pH_5.1_ROS_0.5,40,5.1,0.5,0.196350098
PCA_T_40_pH_5.1_ROS_1.0,40,5.1,1,0.194702148
PCA_T_40_pH_5.1_ROS_10.0,40,5.1,10,0.165649414
PCA_T_40_pH_5.1_ROS_2.0,40,5.1,2,0.19152832
PCA_T_40_pH_5.1_ROS_20.0,40,5.1,20,0.133117676
PCA_T_40_pH_5.1_ROS_5.0,40,5.1,5,0.18182373
PCA_T_40_pH_5.2_ROS_0.1,40,5.2,0.1,0.526123047
PCA_T_40_pH_5.2_ROS_0.5,40,5.2,0.5,0.515014648
PCA_T_40_pH_5.2_ROS_1.0,40,5.2,1,0.50567627
PCA_T_40_pH_5.2_ROS_10.0,40,5.2,10,0.428649902
PCA_T_40_pH_5.2_ROS_2.0,40,5.2,2,0.496826172
PCA_T_40_pH_5.2_ROS_5.0,40,5.2,5,0.471313477
PCA_T_40_pH_5.3_ROS_0.1,40,5.3,0.1,0.91003418
PCA_T_40_pH_5.3_ROS_0.5,40,5.3,0.5,0.89074707
PCA_T_40_pH_5.3_ROS_1.0,40,5.3,1,0.871704102
PCA_T_40_pH_5.3_ROS_10.0,40,5.3,10,0.738891602
PCA_T_40_pH_5.3_ROS_2.0,40,5.3,2,0.847839355
PCA_T_40_pH_5.3_ROS_20.0,40,5.3,20,0.596740723
PCA_T_40_pH_5.3_ROS_5.0,40,5.3,5,0.807312012
PCA_T_40_pH_5.4_ROS_0.1,40,5.4,0.1,1.131469727
PCA_T_40_pH_5.4_ROS_0.5,40,5.4,0.5,1.108093262
PCA_T_40_pH_5.4_ROS_1.0,40,5.4,1,1.083740234
PCA_T_40_pH_5.4_ROS_10.0,40,5.4,10,0.915710449
PCA_T_40_pH_5.4_ROS_2.0,40,5.4,2,1.044677734
PCA_T_40_pH_5.4_ROS_5.0,40,5.4,5,0.996826172
PCA_T_40_pH_5.5_ROS_0.1,40,5.5,0.1,1.208740234
PCA_T_40_pH_5.5_ROS_0.5,40,5.5,0.5,1.183959961
PCA_T_40_pH_5.5_ROS_1.0,40,5.5,1,1.157653809
PCA_T_40_pH_5.5_ROS_10.0,40,5.5,10,0.976623535
PCA_T_40_pH_5.5_ROS_2.0,40,5.5,2,1.112487793
PCA_T_40_pH_5.5_ROS_20.0,40,5.5,20,0.798583984
PCA_T_40_pH_5.5_ROS_5.0,40,5.5,5,1.061645508
PCA_T_40_pH_5.6_ROS_0.1,40,5.6,0.1,1.250488281
PCA_T_40_pH_5.6_ROS_0.5,40,5.6,0.5,1.224975586
PCA_T_40_pH_5.6_ROS_1.0,40,5.6,1,1.197570801
PCA_T_40_pH_5.6_ROS_10.0,40,5.6,10,1.009338379
PCA_T_40_pH_5.6_ROS_2.0,40,5.6,2,1.149719238
PCA_T_40_pH_5.6_ROS_5.0,40,5.6,5,1.086853027
PCA_T_40_pH_5.7_ROS_0.1,40,5.7,0.1,1.261169434
PCA_T_40_pH_5.7_ROS_0.5,40,5.7,0.5,1.235534668
PCA_T_40_pH_5.7_ROS_1.0,40,5.7,1,1.207885742
PCA_T_40_pH_5.7_ROS_10.0,40,5.7,10,1.017883301
PCA_T_40_pH_5.7_ROS_2.0,40,5.7,2,1.159423828
PCA_T_40_pH_5.7_ROS_20.0,40,5.7,20,0.833862305
PCA_T_40_pH_5.7_ROS_5.0,40,5.7,5,1.092468262
PCA_T_40_pH_5.8_ROS_0.1,40,5.8,0.1,1.264953613
PCA_T_40_pH_5.8_ROS_0.5,40,5.8,0.5,1.239257813
PCA_T_40_pH_5.8_ROS_1.0,40,5.8,1,1.211547852
PCA_T_40_pH_5.8_ROS_10.0,40,5.8,10,1.020996094
PCA_T_40_pH_5.8_ROS_2.0,40,5.8,2,1.162902832
PCA_T_40_pH_5.8_ROS_5.0,40,5.8,5,1.094604492
PCA_T_40_pH_5.9_ROS_0.1,40,5.9,0.1,1.266052246
PCA_T_40_pH_5.9_ROS_0.5,40,5.9,0.5,1.24041748
PCA_T_40_pH_5.9_ROS_1.0,40,5.9,1,1.212768555
PCA_T_40_pH_5.9_ROS_10.0,40,5.9,10,1.022094727
PCA_T_40_pH_5.9_ROS_2.0,40,5.9,2,1.1640625
PCA_T_40_pH_5.9_ROS_20.0,40,5.9,20,0.837463379
PCA_T_40_pH_5.9_ROS_5.0,40,5.9,5,1.095458984
PCA_T_40_pH_6.0_ROS_0.1,40,6,0.1,1.266174316
PCA_T_40_pH_6.0_ROS_0.5,40,6,0.5,1.240539551
PCA_T_40_pH_6.0_ROS_1.0,40,6,1,1.213012695
PCA_T_40_pH_6.0_ROS_10.0,40,6,10,1.022399902
PCA_T_40_pH_6.0_ROS_2.0,40,6,2,1.164367676
PCA_T_40_pH_6.0_ROS_5.0,40,6,5,1.095825195
PCA_T_40_pH_6.1_ROS_10.0,40,6.1,10,1.022155762
PCA_T_40_pH_6.1_ROS_20.0,40,6.1,20,0.837524414
PCA_T_40_pH_6.2_ROS_0.1,40,6.2,0.1,1.264282227
PCA_T_40_pH_6.2_ROS_0.5,40,6.2,0.5,1.238830566
PCA_T_40_pH_6.2_ROS_1.0,40,6.2,1,1.211547852
PCA_T_40_pH_6.2_ROS_10.0,40,6.2,10,1.02154541
PCA_T_40_pH_6.2_ROS_2.0,40,6.2,2,1.163146973
PCA_T_40_pH_6.2_ROS_5.0,40,6.2,5,1.09552002
PCA_T_40_pH_6.3_ROS_10.0,40,6.3,10,1.020507813
PCA_T_40_pH_6.3_ROS_20.0,40,6.3,20,0.836120605
PCA_T_40_pH_6.4_ROS_0.1,40,6.4,0.1,1.259277344
PCA_T_40_pH_6.4_ROS_0.5,40,6.4,0.5,1.234130859
PCA_T_40_pH_6.4_ROS_1.0,40,6.4,1,1.207519531
PCA_T_40_pH_6.4_ROS_10.0,40,6.4,10,1.018859863
PCA_T_40_pH_6.4_ROS_2.0,40,6.4,2,1.159606934
PCA_T_40_pH_6.4_ROS_5.0,40,6.4,5,1.093994141
PCA_T_40_pH_6.5_ROS_10.0,40,6.5,10,1.016296387
PCA_T_40_pH_6.5_ROS_20.0,40,6.5,20,0.832397461
PCA_T_40_pH_6.6_ROS_0.1,40,6.6,0.1,1.247375488
PCA_T_40_pH_6.6_ROS_0.5,40,6.6,0.5,1.223449707
PCA_T_40_pH_6.6_ROS_1.0,40,6.6,1,1.197692871
PCA_T_40_pH_6.6_ROS_10.0,40,6.6,10,1.012207031
PCA_T_40_pH_6.6_ROS_2.0,40,6.6,2,1.151245117
PCA_T_40_pH_6.6_ROS_5.0,40,6.6,5,1.08972168
PCA_T_40_pH_6.7_ROS_10.0,40,6.7,10,1.00567627
PCA_T_40_pH_6.7_ROS_20.0,40,6.7,20,0.823059082
PCA_T_40_pH_6.8_ROS_0.1,40,6.8,0.1,1.22064209
PCA_T_40_pH_6.8_ROS_0.5,40,6.8,0.5,1.199768066
PCA_T_40_pH_6.8_ROS_1.0,40,6.8,1,1.174377441
PCA_T_40_pH_6.8_ROS_10.0,40,6.8,10,0.99609375
PCA_T_40_pH_6.8_ROS_2.0,40,6.8,2,1.132202148
PCA_T_40_pH_6.8_ROS_5.0,40,6.8,5,1.079406738
PCA_T_40_pH_6.9_ROS_10.0,40,6.9,10,0.986083984
PCA_T_40_pH_6.9_ROS_20.0,40,6.9,20,0.805664063
PCA_T_40_pH_7.0_ROS_0.1,40,7,0.1,1.205078125
PCA_T_40_pH_7.0_ROS_0.5,40,7,0.5,1.185058594
PCA_T_40_pH_7.0_ROS_1.0,40,7,1,1.16015625
PCA_T_40_pH_7.0_ROS_10.0,40,7,10,0.986083984
PCA_T_40_pH_7.0_ROS_2.0,40,7,2,1.120910645
PCA_T_40_pH_7.0_ROS_5.0,40,7,5,1.072753906
PCA_T_42_pH_5.0_ROS_0.1,42,5,0.1,0.036376953
PCA_T_42_pH_5.0_ROS_0.5,42,5,0.5,0.036193848
PCA_T_42_pH_5.0_ROS_1.0,42,5,1,0.035949707
PCA_T_42_pH_5.0_ROS_10.0,42,5,10,0.031860352
PCA_T_42_pH_5.0_ROS_2.0,42,5,2,0.035522461
PCA_T_42_pH_5.0_ROS_5.0,42,5,5,0.034118652
PCA_T_42_pH_5.1_ROS_0.1,42,5.1,0.1,0.138061523
PCA_T_42_pH_5.1_ROS_0.5,42,5.1,0.5,0.13659668
PCA_T_42_pH_5.1_ROS_1.0,42,5.1,1,0.135681152
PCA_T_42_pH_5.1_ROS_10.0,42,5.1,10,0.11895752
PCA_T_42_pH_5.1_ROS_2.0,42,5.1,2,0.133789063
PCA_T_42_pH_5.1_ROS_20.0,42,5.1,20,0.100402832
PCA_T_42_pH_5.1_ROS_5.0,42,5.1,5,0.128234863
PCA_T_42_pH_5.2_ROS_0.1,42,5.2,0.1,0.380554199
PCA_T_42_pH_5.2_ROS_0.5,42,5.2,0.5,0.374267578
PCA_T_42_pH_5.2_ROS_1.0,42,5.2,1,0.370544434
PCA_T_42_pH_5.2_ROS_10.0,42,5.2,10,0.324768066
PCA_T_42_pH_5.2_ROS_2.0,42,5.2,2,0.365478516
PCA_T_42_pH_5.2_ROS_5.0,42,5.2,5,0.350219727
PCA_T_42_pH_5.3_ROS_0.1,42,5.3,0.1,0.684631348
PCA_T_42_pH_5.3_ROS_0.5,42,5.3,0.5,0.673400879
PCA_T_42_pH_5.3_ROS_1.0,42,5.3,1,0.661437988
PCA_T_42_pH_5.3_ROS_10.0,42,5.3,10,0.58380127
PCA_T_42_pH_5.3_ROS_2.0,42,5.3,2,0.652526855
PCA_T_42_pH_5.3_ROS_20.0,42,5.3,20,0.495849609
PCA_T_42_pH_5.3_ROS_5.0,42,5.3,5,0.62689209
PCA_T_42_pH_5.4_ROS_0.1,42,5.4,0.1,0.865783691
PCA_T_42_pH_5.4_ROS_0.5,42,5.4,0.5,0.851318359
PCA_T_42_pH_5.4_ROS_1.0,42,5.4,1,0.835388184
PCA_T_42_pH_5.4_ROS_10.0,42,5.4,10,0.739807129
PCA_T_42_pH_5.4_ROS_2.0,42,5.4,2,0.822692871
PCA_T_42_pH_5.4_ROS_5.0,42,5.4,5,0.791687012
PCA_T_42_pH_5.5_ROS_0.1,42,5.5,0.1,0.930419922
PCA_T_42_pH_5.5_ROS_0.5,42,5.5,0.5,0.914733887
PCA_T_42_pH_5.5_ROS_1.0,42,5.5,1,0.897521973
PCA_T_42_pH_5.5_ROS_10.0,42,5.5,10,0.795471191
PCA_T_42_pH_5.5_ROS_2.0,42,5.5,2,0.883850098
PCA_T_42_pH_5.5_ROS_20.0,42,5.5,20,0.682495117
PCA_T_42_pH_5.5_ROS_5.0,42,5.5,5,0.850769043
PCA_T_42_pH_5.6_ROS_0.1,42,5.6,0.1,0.965942383
PCA_T_42_pH_5.6_ROS_0.5,42,5.6,0.5,0.949523926
PCA_T_42_pH_5.6_ROS_1.0,42,5.6,1,0.93157959
PCA_T_42_pH_5.6_ROS_10.0,42,5.6,10,0.82611084
PCA_T_42_pH_5.6_ROS_2.0,42,5.6,2,0.917541504
PCA_T_42_pH_5.6_ROS_5.0,42,5.6,5,0.883300781
PCA_T_42_pH_5.7_ROS_0.1,42,5.7,0.1,0.975341797
PCA_T_42_pH_5.7_ROS_0.5,42,5.7,0.5,0.95880127
PCA_T_42_pH_5.7_ROS_1.0,42,5.7,1,0.940612793
PCA_T_42_pH_5.7_ROS_10.0,42,5.7,10,0.834289551
PCA_T_42_pH_5.7_ROS_2.0,42,5.7,2,0.926513672
PCA_T_42_pH_5.7_ROS_20.0,42,5.7,20,0.716552734
PCA_T_42_pH_5.7_ROS_5.0,42,5.7,5,0.891967773
PCA_T_42_pH_5.8_ROS_0.1,42,5.8,0.1,0.978759766
PCA_T_42_pH_5.8_ROS_0.5,42,5.8,0.5,0.962158203
PCA_T_42_pH_5.8_ROS_1.0,42,5.8,1,0.943969727
PCA_T_42_pH_5.8_ROS_10.0,42,5.8,10,0.837280273
PCA_T_42_pH_5.8_ROS_2.0,42,5.8,2,0.92980957
PCA_T_42_pH_5.8_ROS_5.0,42,5.8,5,0.895202637
PCA_T_42_pH_5.9_ROS_0.1,42,5.9,0.1,0.979980469
PCA_T_42_pH_5.9_ROS_0.5,42,5.9,0.5,0.963378906
PCA_T_42_pH_5.9_ROS_1.0,42,5.9,1,0.94519043
PCA_T_42_pH_5.9_ROS_10.0,42,5.9,10,0.838439941
PCA_T_42_pH_5.9_ROS_2.0,42,5.9,2,0.931091309
PCA_T_42_pH_5.9_ROS_20.0,42,5.9,20,0.720275879
PCA_T_42_pH_5.9_ROS_5.0,42,5.9,5,0.89642334
PCA_T_42_pH_6.0_ROS_0.1,42,6,0.1,0.98034668
PCA_T_42_pH_6.0_ROS_0.5,42,6,0.5,0.963806152
PCA_T_42_pH_6.0_ROS_1.0,42,6,1,0.945556641
PCA_T_42_pH_6.0_ROS_10.0,42,6,10,0.838867188
PCA_T_42_pH_6.0_ROS_2.0,42,6,2,0.93157959
PCA_T_42_pH_6.0_ROS_5.0,42,6,5,0.896850586
PCA_T_42_pH_6.1_ROS_10.0,42,6.1,10,0.838867188
PCA_T_42_pH_6.1_ROS_20.0,42,6.1,20,0.72064209
PCA_T_42_pH_6.2_ROS_0.1,42,6.2,0.1,0.979736328
PCA_T_42_pH_6.2_ROS_0.5,42,6.2,0.5,0.963317871
PCA_T_42_pH_6.2_ROS_1.0,42,6.2,1,0.945129395
PCA_T_42_pH_6.2_ROS_10.0,42,6.2,10,0.838684082
PCA_T_42_pH_6.2_ROS_2.0,42,6.2,2,0.931335449
PCA_T_42_pH_6.2_ROS_5.0,42,6.2,5,0.89666748
PCA_T_42_pH_6.3_ROS_10.0,42,6.3,10,0.838256836
PCA_T_42_pH_6.3_ROS_20.0,42,6.3,20,0.720031738
PCA_T_42_pH_6.4_ROS_0.1,42,6.4,0.1,0.977600098
PCA_T_42_pH_6.4_ROS_0.5,42,6.4,0.5,0.961547852
PCA_T_42_pH_6.4_ROS_1.0,42,6.4,1,0.943359375
PCA_T_42_pH_6.4_ROS_10.0,42,6.4,10,0.837524414
PCA_T_42_pH_6.4_ROS_2.0,42,6.4,2,0.930053711
PCA_T_42_pH_6.4_ROS_5.0,42,6.4,5,0.895446777
PCA_T_42_pH_6.5_ROS_10.0,42,6.5,10,0.836303711
PCA_T_42_pH_6.5_ROS_20.0,42,6.5,20,0.718261719
PCA_T_42_pH_6.6_ROS_0.1,42,6.6,0.1,0.972412109
PCA_T_42_pH_6.6_ROS_0.5,42,6.6,0.5,0.956970215
PCA_T_42_pH_6.6_ROS_1.0,42,6.6,1,0.938903809
PCA_T_42_pH_6.6_ROS_10.0,42,6.6,10,0.834411621
PCA_T_42_pH_6.6_ROS_2.0,42,6.6,2,0.926757813
PCA_T_42_pH_6.6_ROS_5.0,42,6.6,5,0.892211914
PCA_T_42_pH_6.7_ROS_10.0,42,6.7,10,0.831359863
PCA_T_42_pH_6.7_ROS_20.0,42,6.7,20,0.713684082
PCA_T_42_pH_6.8_ROS_0.1,42,6.8,0.1,0.960449219
PCA_T_42_pH_6.8_ROS_0.5,42,6.8,0.5,0.946044922
PCA_T_42_pH_6.8_ROS_1.0,42,6.8,1,0.930053711
PCA_T_42_pH_6.8_ROS_10.0,42,6.8,10,0.826782227
PCA_T_42_pH_6.8_ROS_2.0,42,6.8,2,0.918701172
PCA_T_42_pH_6.8_ROS_5.0,42,6.8,5,0.884277344
PCA_T_42_pH_6.9_ROS_10.0,42,6.9,10,0.822021484
PCA_T_42_pH_6.9_ROS_20.0,42,6.9,20,0.70501709
PCA_T_42_pH_7.0_ROS_0.1,42,7,0.1,0.953430176
PCA_T_42_pH_7.0_ROS_0.5,42,7,0.5,0.939208984
PCA_T_42_pH_7.0_ROS_1.0,42,7,1,0.924926758
PCA_T_42_pH_7.0_ROS_10.0,42,7,10,0.822021484
PCA_T_42_pH_7.0_ROS_2.0,42,7,2,0.913635254
PCA_T_42_pH_7.0_ROS_5.0,42,7,5,0.879333496
PCA_T_45_pH_5.0_ROS_0.1,45,5,0.1,0.018066406
PCA_T_45_pH_5.0_ROS_0.5,45,5,0.5,0.018005371
PCA_T_45_pH_5.0_ROS_1.0,45,5,1,0.017944336
PCA_T_45_pH_5.0_ROS_10.0,45,5,10,0.016296387
PCA_T_45_pH_5.0_ROS_2.0,45,5,2,0.01776123
PCA_T_45_pH_5.0_ROS_5.0,45,5,5,0.017211914
PCA_T_45_pH_5.1_ROS_0.1,45,5.1,0.1,0.067504883
PCA_T_45_pH_5.1_ROS_0.5,45,5.1,0.5,0.066955566
PCA_T_45_pH_5.1_ROS_1.0,45,5.1,1,0.06640625
PCA_T_45_pH_5.1_ROS_10.0,45,5.1,10,0.057495117
PCA_T_45_pH_5.1_ROS_2.0,45,5.1,2,0.065368652
PCA_T_45_pH_5.1_ROS_20.0,45,5.1,20,0.04876709
PCA_T_45_pH_5.1_ROS_5.0,45,5.1,5,0.062316895
PCA_T_45_pH_5.2_ROS_0.1,45,5.2,0.1,0.161987305
PCA_T_45_pH_5.2_ROS_0.5,45,5.2,0.5,0.159973145
PCA_T_45_pH_5.2_ROS_1.0,45,5.2,1,0.158447266
PCA_T_45_pH_5.2_ROS_10.0,45,5.2,10,0.132385254
PCA_T_45_pH_5.2_ROS_2.0,45,5.2,2,0.155334473
PCA_T_45_pH_5.2_ROS_5.0,45,5.2,5,0.146362305
PCA_T_45_pH_5.3_ROS_0.1,45,5.3,0.1,0.243652344
PCA_T_45_pH_5.3_ROS_0.5,45,5.3,0.5,0.240661621
PCA_T_45_pH_5.3_ROS_1.0,45,5.3,1,0.238220215
PCA_T_45_pH_5.3_ROS_10.0,45,5.3,10,0.19708252
PCA_T_45_pH_5.3_ROS_2.0,45,5.3,2,0.233398438
PCA_T_45_pH_5.3_ROS_20.0,45,5.3,20,0.157287598
PCA_T_45_pH_5.3_ROS_5.0,45,5.3,5,0.219299316
PCA_T_45_pH_5.4_ROS_0.1,45,5.4,0.1,0.284118652
PCA_T_45_pH_5.4_ROS_0.5,45,5.4,0.5,0.280883789
PCA_T_45_pH_5.4_ROS_1.0,45,5.4,1,0.278015137
PCA_T_45_pH_5.4_ROS_10.0,45,5.4,10,0.229125977
PCA_T_45_pH_5.4_ROS_2.0,45,5.4,2,0.272277832
PCA_T_45_pH_5.4_ROS_5.0,45,5.4,5,0.255615234
PCA_T_45_pH_5.5_ROS_0.1,45,5.5,0.1,0.297729492
PCA_T_45_pH_5.5_ROS_0.5,45,5.5,0.5,0.294372559
PCA_T_45_pH_5.5_ROS_1.0,45,5.5,1,0.291381836
PCA_T_45_pH_5.5_ROS_10.0,45,5.5,10,0.239807129
PCA_T_45_pH_5.5_ROS_2.0,45,5.5,2,0.285339355
PCA_T_45_pH_5.5_ROS_20.0,45,5.5,20,0.18951416
PCA_T_45_pH_5.5_ROS_5.0,45,5.5,5,0.26776123
PCA_T_45_pH_5.6_ROS_0.1,45,5.6,0.1,0.305114746
PCA_T_45_pH_5.6_ROS_0.5,45,5.6,0.5,0.301696777
PCA_T_45_pH_5.6_ROS_1.0,45,5.6,1,0.298583984
PCA_T_45_pH_5.6_ROS_10.0,45,5.6,10,0.245605469
PCA_T_45_pH_5.6_ROS_2.0,45,5.6,2,0.292419434
PCA_T_45_pH_5.6_ROS_5.0,45,5.6,5,0.274291992
PCA_T_45_pH_5.7_ROS_0.1,45,5.7,0.1,0.307067871
PCA_T_45_pH_5.7_ROS_0.5,45,5.7,0.5,0.303710938
PCA_T_45_pH_5.7_ROS_1.0,45,5.7,1,0.300537109
PCA_T_45_pH_5.7_ROS_10.0,45,5.7,10,0.247131348
PCA_T_45_pH_5.7_ROS_2.0,45,5.7,2,0.294311523
PCA_T_45_pH_5.7_ROS_20.0,45,5.7,20,0.195007324
PCA_T_45_pH_5.7_ROS_5.0,45,5.7,5,0.276062012
PCA_T_45_pH_5.8_ROS_0.1,45,5.8,0.1,0.307800293
PCA_T_45_pH_5.8_ROS_0.5,45,5.8,0.5,0.304443359
PCA_T_45_pH_5.8_ROS_1.0,45,5.8,1,0.301269531
PCA_T_45_pH_5.8_ROS_10.0,45,5.8,10,0.247680664
PCA_T_45_pH_5.8_ROS_2.0,45,5.8,2,0.295043945
PCA_T_45_pH_5.8_ROS_5.0,45,5.8,5,0.276733398
PCA_T_45_pH_5.9_ROS_0.1,45,5.9,0.1,0.308105469
PCA_T_45_pH_5.9_ROS_0.5,45,5.9,0.5,0.304748535
PCA_T_45_pH_5.9_ROS_1.0,45,5.9,1,0.301574707
PCA_T_45_pH_5.9_ROS_10.0,45,5.9,10,0.247924805
PCA_T_45_pH_5.9_ROS_2.0,45,5.9,2,0.295288086
PCA_T_45_pH_5.9_ROS_20.0,45,5.9,20,0.195617676
PCA_T_45_pH_5.9_ROS_5.0,45,5.9,5,0.276977539
PCA_T_45_pH_6.0_ROS_0.1,45,6,0.1,0.308227539
PCA_T_45_pH_6.0_ROS_0.5,45,6,0.5,0.304870605
PCA_T_45_pH_6.0_ROS_1.0,45,6,1,0.301696777
PCA_T_45_pH_6.0_ROS_10.0,45,6,10,0.248046875
PCA_T_45_pH_6.0_ROS_2.0,45,6,2,0.295410156
PCA_T_45_pH_6.0_ROS_5.0,45,6,5,0.277099609
PCA_T_45_pH_6.1_ROS_10.0,45,6.1,10,0.248046875
PCA_T_45_pH_6.1_ROS_20.0,45,6.1,20,0.195678711
PCA_T_45_pH_6.2_ROS_0.1,45,6.2,0.1,0.308227539
PCA_T_45_pH_6.2_ROS_0.5,45,6.2,0.5,0.249938965
PCA_T_45_pH_6.2_ROS_1.0,45,6.2,1,0.301757813
PCA_T_45_pH_6.2_ROS_10.0,45,6.2,10,0.248046875
PCA_T_45_pH_6.2_ROS_2.0,45,6.2,2,0.295471191
PCA_T_45_pH_6.2_ROS_5.0,45,6.2,5,0.277160645
PCA_T_45_pH_6.3_ROS_10.0,45,6.3,10,0.248046875
PCA_T_45_pH_6.4_ROS_0.1,45,6.4,0.1,0.308044434
PCA_T_45_pH_6.4_ROS_0.5,45,6.4,0.5,0.30480957
PCA_T_45_pH_6.4_ROS_1.0,45,6.4,1,0.301635742
PCA_T_45_pH_6.4_ROS_10.0,45,6.4,10,0.24798584
PCA_T_45_pH_6.4_ROS_2.0,45,6.4,2,0.295349121
PCA_T_45_pH_6.4_ROS_5.0,45,6.4,5,0.277038574
PCA_T_45_pH_6.5_ROS_10.0,45,6.5,10,0.24786377
PCA_T_45_pH_6.6_ROS_0.1,45,6.6,0.1,0.307617188
PCA_T_45_pH_6.6_ROS_0.5,45,6.6,0.5,0.304443359
PCA_T_45_pH_6.6_ROS_1.0,45,6.6,1,0.301269531
PCA_T_45_pH_6.6_ROS_10.0,45,6.6,10,0.247680664
PCA_T_45_pH_6.6_ROS_2.0,45,6.6,2,0.295043945
PCA_T_45_pH_6.6_ROS_5.0,45,6.6,5,0.276733398
PCA_T_45_pH_6.7_ROS_10.0,45,6.7,10,0.247375488
PCA_T_45_pH_6.8_ROS_0.1,45,6.8,0.1,0.306396484
PCA_T_45_pH_6.8_ROS_0.5,45,6.8,0.5,0.303527832
PCA_T_45_pH_6.8_ROS_1.0,45,6.8,1,0.300415039
PCA_T_45_pH_6.8_ROS_10.0,45,6.8,10,0.246887207
PCA_T_45_pH_6.8_ROS_2.0,45,6.8,2,0.294128418
PCA_T_45_pH_6.8_ROS_5.0,45,6.8,5,0.275878906
PCA_T_45_pH_6.9_ROS_10.0,45,6.9,10,0.246398926
PCA_T_45_pH_7.0_ROS_0.1,45,7,0.1,0.305664063
PCA_T_45_pH_7.0_ROS_0.5,45,7,0.5,0.302978516
PCA_T_45_pH_7.0_ROS_1.0,45,7,1,0.299865723
PCA_T_45_pH_7.0_ROS_10.0,45,7,10,0.246398926
PCA_T_45_pH_7.0_ROS_2.0,45,7,2,0.293579102
PCA_T_45_pH_7.0_ROS_5.0,45,7,5,0.27532959